start	end	text
80	12020	Salut tout le monde, bon petit avertissement d'entrée, cette vidéo n'est pas une vidéo classique, ne vous attendez pas à une vidéo travaillée, cette vidéo est nulle, ce n'est pas du tout un épisode classique en fait.
12160	22300	Je précise pour les nouveaux arrivants sur la chaîne, tous les 4-5 mois environ, je fais une vidéo qui est en fait plus un contenu audio, il y a des petites choses à regarder, mais c'est principalement un contenu audio,
22300	25120	dans lequel je reviens en fait sur mes dernières sorties
25120	29940	soit pour vous raconter des petites anecdotes qui tournent autour des vidéos
29940	31460	des choses que je n'avais pas pu vous dire
31460	35840	ou les dernières retombées médiatiques ou autres qu'ont eu les dernières enquêtes
35840	38780	donc voilà c'est pas du tout une vidéo classique
38780	40900	ne vous attendez pas à un contenu travaillé
40900	45680	c'est simplement un petit contenu audio pour revenir sur les dernières sorties
45680	46840	voilà c'est dit
46840	51000	concernant ma grosse dernière enquête sortie à la fin de l'année 2024
51000	53620	sur les géobiologues
53620	55600	et sur l'arnaque pneumatite
55600	56880	de l'adjuvant béton.
57060	59020	Concernant cette grosse enquête, d'abord,
59160	59680	je voudrais
59680	63100	adresser un très très gros
63100	65280	merci, un très très gros
65280	67120	merci à M6,
67600	69100	qui a vraiment souhaité
69100	71160	me rendre hommage dans le talk show
71160	72800	qui s'appelle La Grande Semaine,
72900	75180	sur M6, présenté par Ophélie Meunier.
75400	76760	Ils m'ont rendu un hommage.
76980	78500	Je vais vous passer quelques extraits.
78500	80320	C'est dans un instant, dans La Grande Semaine,
80320	86480	Une arnaque au béton magique financée par l'argent public, c'est l'enquête hallucinante de La Grande Semaine.
86940	87520	Restez avec nous.
88760	93640	Restez avec nous vraiment, cette enquête Baptiste a travaillé dessus depuis des semaines, elle est complètement hallucinante.
93820	94700	A tout de suite dans La Grande Semaine.
95100	104880	Donc c'est l'enquête de M6, c'est l'enquête de l'émission La Grande Semaine sur laquelle a travaillé depuis des semaines le journaliste de M6.
105200	106140	Donc on va voir ça.
106460	108700	Écoute bien, tu vas voir, cette enquête est folle.
108800	110280	On parle d'un sujet complètement…
110280	111660	J'ai entendu le mot « magique ».
111660	115920	Un béton soi-disant magique utilisé en France sur de nombreux chantiers,
116040	118140	parfois des chantiers financés par de l'argent public.
118740	121820	Alors, sorcellerie, charlatanisme, ouvraire évolution,
122020	123420	Baptiste, c'est ton enquête de la semaine.
124340	127120	Effectivement, c'est une histoire totalement étonnante
127120	129080	qui pourrait en fait nous faire sourire si, comme tu l'as dit,
129180	130540	il n'y avait pas de l'argent public à l'intérieur.
131040	132500	Voilà, donc c'est Baptiste.
132620	135760	Baptiste, c'est l'enquête de la semaine de Baptiste.
135760	137160	Voilà, il est là. Coucou Baptiste.
137320	140720	La pneumatite, c'est un liquide qui, selon les gens qui le vendent,
140880	144260	permettrait d'harmoniser les énergies du béton et les forces naturelles.
144300	145880	Et donc de rendre ce béton vivant.
146140	149420	Des extraits d'écailles d'ailes de paille pillon, mais c'est pas fini.
149960	155000	Et il y a aussi des extraits, accrochez-vous, du fémur droit du jet des chaînes.
155280	156480	Ce petit oiseau.
156620	159080	Donc il y a des bâtiments communaux, donc c'est de l'argent public.
159180	160800	Et puis il y a aussi beaucoup d'éoliennes.
160800	165740	Et moi je me suis dit, mais pourquoi on utilise ce produit magique dans le secteur éolien ?
165740	169300	Voilà, c'est la question que s'est posée comme ça soudainement Baptiste.
169420	172740	Il est donc parti du pneumatique pour ensuite arriver sur le sujet de l'éolien.
173000	177760	Benjamin, lui, il a vu débarquer un nouveau type d'experts autoproclamés, des géobiologues.
177860	181500	Retenez bien ce nom, c'est eux qui prônent l'utilisation de la pneumatique.
181640	185280	Et ils sont, pour certains, salariés directement des chambres d'agriculture.
185580	188420	Les chambres d'agriculture, c'est 100% d'argent public.
188520	188720	Bref.
189000	192720	Ah bah super, ok, du coup Baptiste arrive ensuite sur le sujet des géobiologues, comme ça,
192720	195220	Et des chambres d'agriculture
195220	198620	L'enquête de Baptiste continue
198620	199760	Ce mélange
199760	201640	Ésotérisme, argent public
201640	202700	Commence à agacer
202700	205520	Il y a même un député qui a décidé de monter au créneau
205520	207740	Vous allez voir c'est Eric Bottorel
207740	209180	Je me suis rendu à l'Assemblée Nationale
209180	211480	Ça faisait bien longtemps pour écouter ce qu'il voulait me dire
211480	213160	Bon alors Eric Bottorel
213160	215540	Le député là il s'est pas saisi du dossier
215540	217120	Comme ça, il est pas monté au créneau comme ça
217120	219240	Eric Bottorel ce qu'il a fait c'est qu'il a vu
219240	221040	Mon enquête et donc
221040	224740	Et il a posé une question au gouvernement en citant mon enquête.
227240	231820	Voilà, c'est vraiment du foutage de gueule à un niveau quand même...
231820	234940	Bon après, ça se comprend aussi, j'ai une énorme équipe derrière moi,
235120	240140	j'ai un poids médiatique absolument colossal, j'ai des moyens exceptionnels.
240260	247700	M6, il débute dans le métier des médias, c'est vraiment un petit jeune avec très peu de moyens,
247700	249740	des équipes très très réduites. Donc à la limite
249740	251680	c'est pas très très choquant
251680	253720	non plus qu'ils citent pas leurs
253720	255760	sources. Franchement j'arrive même pas
255760	257700	à faire du second degré. C'est juste
257700	259840	hallucinant. Moi ça fait quand même
259840	261540	un bail que je bosse dessus. Ouais ça fait un bail
261540	263820	ça fait un bail. Mon enquête est quand même en deux parties
263820	265740	la première de 30 minutes, la deuxième
265740	267380	de 32 minutes. Donc ça fait quand même
267380	269500	une heure deux de travail
269500	271760	Non mais l'enquête de la semaine sur laquelle les équipes
271760	273940	d'M6 bossent depuis des semaines c'est quasiment
273940	275420	minute par minute
275420	277300	La trame de mon enquête
277300	279320	C'est un copier-coller intégral
279320	282600	Et les mecs ne me citent pas une seconde
282600	283700	Franchement, c'est assez sale
283700	285440	Mais en plus, le pire, c'est que c'est même pas très bien fait
285440	289820	C'est-à-dire qu'à la fin, ils ont même pas donné l'information la plus intéressante dans mon enquête
289820	292600	Qui est quand même la partie qui concerne les préfectures
292600	293860	Et c'est pourtant l'élément clé
293860	297300	Parce que c'est l'élément qui explique comment les géobiologues
297300	300420	Peuvent bénéficier de cette espèce de bienveillance officielle de l'État
300420	302440	Et qui débouche à la fin sur l'achat de pneumatites
302440	305680	et de pratiques complètement bullshit, ésotériques sur les chantiers éoliens.
305960	308400	Franchement, je ne suis pas du tout du genre à râler pour ce genre de trucs,
308560	310540	à chercher de l'exposition médiatique.
310720	313460	Au contraire, je fuis totalement l'exposition médiatique
313460	317260	et je refuse quasiment toutes les demandes d'interview et tout.
317420	320000	M6 m'avait d'ailleurs déjà fait le coup il y a trois ans
320000	321620	quand j'avais sorti mon enquête sur le Ili.
321700	323480	Il y avait aussi une journaliste qui m'avait contacté, etc.
323660	326960	et qui avait fini par ne pas me citer du tout dans le sujet.
327340	331360	Mais alors là, à ce niveau-là, reprendre intégralement mon travail
331360	333220	avec zéro mention
333220	335620	et présenter ça comme une enquête originale
335620	337560	de la rédaction d'M6
337560	339760	c'est incroyable. Incroyable
339760	341360	de mauvaise manière quoi. Donc voilà
341360	343240	un très très gros merci
343240	345220	à M6. Bon alors sinon
345220	347500	par contre il y a le député Eric Bautorel
347500	348620	qui a posé
348620	350920	une question écrite
350920	353180	au gouvernement et aussi
353180	355200	une question directe en commission
355200	357220	à la ministre de l'agriculture. Et donc
357220	359160	on va voir ça. Il y a peut-être certains d'entre vous qui ont
359160	361160	déjà vu passer ça sur Twitter
361160	363220	ou ailleurs, mais on va écouter ça
363220	365160	rapidement. Merci madame la présidente, madame la ministre
365160	367020	chers collègues, depuis plusieurs semaines se multiplient
367020	369120	les enquêtes comme celle du youtubeur Milgram
369120	371300	autour de la géobiologie, ces pratiques
371300	373320	ésotériques qui prétendent rééquilibrer les énergies
373320	375260	sans fondement scientifique établi
375260	377100	la géobiologie infiltre de nombreuses chambres
377100	379060	d'agriculture qui pour certaines salarient
379060	381480	des géobiologues et ou proposent des formations en géobiologie
381480	383360	possiblement éligibles au crédit
383360	384880	d'impôt. Les géobiologues
384880	387220	sont même régulièrement missionnés par des chambres pour déterminer
387220	389180	les positions d'éoliennes moyennant quelques milliers d'euros
389180	391100	c'est des gens qui vont sur le terrain, qui voient des petites forces
391100	394960	des gnomes, des trolls. Et vous, vous ne pouvez pas les voir, puisque vous n'êtes pas géobiologue.
395220	398700	Madame la ministre, les chambres d'agriculture sont des établissements publics financés par l'argent public.
399080	403260	A ce titre, il apparaît que l'État finance la géobiologie.
403700	407040	Cela appellerait à la plus grande attention, qui peut être dans un contexte d'économie budgétaire.
407600	411760	Au-delà, un rapport du ministère de l'Agriculture de décembre 2023 interroge quant à la position du ministère
411760	414720	en soulignant la rigueur que l'on ferait preuve des géobiologues professionnels.
415120	419580	Par conséquent, pouvez-vous nous préciser la position de votre ministère sur la géobiologie
419580	424680	et nous indiquer les mesures prises pour que l'argent public ne finance pas ces pratiques ésotériques. Je vous remercie.
424720	427560	Et ensuite donc la réponse de la ministre de l'Agriculture.
428040	435980	Monsieur le député Eric Bottorel, alors je vous avoue que je n'étais pas très sachante sur la géobiologie, mais je me suis renseignée.
437040	443880	Donc ce qui est vrai, c'est que les courants électriques parasites, les animaux, ils sont sensibles.
443880	458460	Ça semble être une réalité. Mais concernant la géobiologie, les géobiologues se définissent comme des spécialistes des relations de l'environnement, des constructions et du mode de vie avec le vivant.
459020	472080	Ils s'appuient sur des connaissances techniques, électricité, observation des animaux, psychologie de l'éleveur, donc toutes choses un peu, comment dirais-je, empiriques.
472080	487080	Et des principes ésotériques, baguettes, courants telluriques. Donc la Confédération nationale de géobiologie compte 210 personnes inscrites dans son annuaire officiel, dont des agents de chambres d'agriculture.
487080	489080	Il faut le dire quand même, il faut le préciser.
489420	489860	Merci madame la ministre.
489920	490980	Oui, je suis désolée.
491080	491960	Oui, j'ai terminé.
492640	498720	Donc les perspectives, c'est de développer des travaux de recherche avec l'INRAE, le CNRS, le CEA sur le sujet.
499320	505060	Mais les chambres d'agriculture se sont saisies de la question et sont vigilantes quant à son application sur le terrain.
505540	505900	Merci.
506220	508640	Bon, je sais qu'en une minute, on ne peut pas dire grand-chose.
508920	513220	Mais alors là, réponse d'une nullité et d'un vide abyssal.
513340	515300	Et d'ailleurs, on ne comprend même pas ce qu'elle veut dire au final.
515300	518400	Bon alors, elle parle de la Confédération Nationale de Géobiologie.
518620	523860	La Confédération Nationale de Géobiologie, c'est une des structures privées dans laquelle se regroupent les géobiologues,
523940	531980	et c'est à l'intérieur de ces confédérations qu'on retrouve les spécialistes en gnomes, en dragons invisibles, en entités paranormales, etc.
532260	539300	Donc voilà, c'est pas parce que ça s'appelle confédération que ça devient sérieux, mais la fin de sa réponse est catastrophique.
539300	544200	Catastrophique. Donc l'objectif, c'est de développer des travaux de recherche avec l'INRAE, le CNRS.
544500	549700	Des travaux de recherche ? Sur quoi ? Sur les failles Hartmann-Curie ?
549700	555460	Sur la présence d'entités paranormales et d'êtres de la nature invisible autour des éoliennes ?
555460	561180	Enfin, sur quoi en fait ? Sur quoi est-ce que vous voulez mobiliser les chercheurs ? Je ne comprends pas.
561180	567180	Mais les chambres d'agriculture se sont saisies de la question et sont vigilantes quant à son application sur le terrain.
567180	592120	La dernière phrase merveille. Les chambres d'agriculture se sont saisies de la question et sont vigilantes quant à son application sur le terrain. Vigilant sur quoi ? Sur le fait qu'on applique correctement la géobiologie. Les chambres d'agriculture, ce sont notamment elles qui forment les gens à faire de la géobiologie à base de pendules, d'antennes de lécher pour détecter les réseaux énergétiques invisibles, etc.
592120	602840	Donc elles-mêmes, elles vont veiller à ce qu'elles appliquent correctement le bullshit qu'elles enseignent, je comprends pas du tout le principe, je comprends pas le principe.
603180	616440	Bon, allez, on va être clément, on va dire que la ministre a été prise sur le fait, et on va s'intéresser maintenant à la réponse officielle qui est sortie il y a quelques jours, la réponse officielle du ministère.
616440	625860	Parce que ça, c'était la réponse orale en commission du député qui reprenait mon enquête et qui voulait faire réagir le gouvernement sur ce sujet.
626160	636180	Mais donc, il avait aussi rédigé une question écrite très officielle, question écrite à laquelle le ministère a enfin répondu deux ou trois mois plus tard.
637260	641920	Et donc, elle est sortie. On va la lire ensemble. Désolé, ça ne va pas être passionnant, je crois.
641920	660300	Donc voilà, ça c'était la question du député, je ne vais pas la lire en entier, mais voilà, il reprenait quand même des éléments très très précis de mon enquête, selon des articles de presse, il y a eu une enquête réalisée par Gémilgram, publiée le 18 octobre 2024, il semblerait que leurs interventions, donc des géobiologues, sur les chantiers éoliens se multiplient.
660700	668260	Selon l'AFP, la Chambre d'Agriculture du Pays de la Loire mentionne sur son site l'existence en Loire-Atlantique d'un protocole en accord avec le préfet,
668460	675500	indiquant que toute entreprise d'éoliennes est tenue avant toute implantation de prendre en charge à ses frais un peu plus d'un millier d'euros en général,
676100	677500	un diagnostic géobiologique.
677760	682320	Contacté par l'AFP, la préfecture de Loire-Atlantique confirme l'existence de ce protocole, etc.
683540	688800	Parmi les produits utilisés par les géobiologues pour réaliser cette information, du béton, le pneumatite, etc.
688800	695680	Ainsi, le parc éolien de Chenu en Sarthe aurait investi entre 20 000 et 30 000 euros dans l'achat de ce liquide bleu.
695780	698160	Voilà, ça c'est ce que je dis dans mon enquête, etc.
698480	705580	Et donc, la réponse qui est enfin publique et qui est enfin sortie, je vous la lis, la réponse du ministère.
706140	711020	Les éoliennes terrestres ont un rôle important à jouer dans la politique énergétique que je souhaite porter,
711440	713860	qui repose sur le nucléaire et sur les énergies renouvelables.
714220	716500	Ok, pour l'instant ça ne concerne pas le sujet.
717080	721460	Cette énergie est compétitive et permet d'apporter des retombées économiques dans certains territoires.
722020	725720	Je souhaite donc qu'elles puissent poursuivre leur développement en concertation avec les élus locaux.
726100	730380	Ok, pour l'instant c'est toujours du hors-sujet, ça fait quand même long comme introduction, pour répondre.
731140	734040	Les impacts des éoliennes terrestres sont aujourd'hui très encadrés.
734440	740280	En effet, celles-ci sont soumises depuis 2011 à la législation des installations classées pour la protection de l'environnement,
740420	745400	afin d'assurer la sécurité des riverains et de limiter les impacts potentiels de ces installations.
745820	750620	Ainsi, toute implantation d'un parc éolien terrestre doit préalablement faire l'objet d'une étude d'impact
750620	755780	qui prend en compte l'état initial de l'environnement et qui évalue les impacts potentiels du projet
755780	759560	afin de les éviter, les réduire et de compenser en dernier recours.
759780	766780	On est à plus de la moitié de la réponse du ministère, toujours aucun lien avec la question posée.
767480	771220	Les études d'impact prennent en compte la présence de zones naturelles d'intérêt écologique,
771220	777580	faunistique et floristique et d'air protégé sur l'emplacement des projets concernés les communes
777580	782200	peuvent également définir des zones d'exclusion sur leur territoire ces mesures permettent de
782200	786980	continuer à développer cette énergie indispensable à notre mix énergétique tout en veillant à son
786980	792340	acceptabilité sociale et à la préservation des enjeux locaux ok donc là on a lu 90% de la
792340	802240	réponse du ministère toujours aucun rapport avec la question dernière phrase dernière phrase de la
802240	808540	réponse donc l'usagé de la géobiologie n'apparaît donc pas nécessaire dans cet encadrement du
808540	813400	développement de l'éolien terrestre et à ce titre aucune aide à la géobiologie n'est mise en oeuvre
813400	821200	par l'état ok voilà c'est le principe donc de la langue de bois je crois c'est répondre sans
821200	826120	répondre l'usagé de la géobiologie n'apparaît donc pas nécessaire dans cet encadrement du
826120	830800	développement de l'éolien terrestre et à ce titre aucune aide à la géobiologie n'est mise en oeuvre
830800	836980	par l'état waouh justement si la question c'était que il ya de l'argent public qui est utilisé
836980	842140	notamment via les chambres d'agriculture de l'argent public utilisé donc pour notamment
842140	847720	réaliser des formations dans les locaux des chambres de l'agriculture à la géobiologie
847720	855000	documenté sourcée preuve à l'appui il y a aussi certaines préfectures qui ont mis en place des
855000	863840	protocoles formels ou informels pour obliger les exploitants éoliens à avoir recours aux
863840	871180	géobiologues là aussi documenté sourcée prouvée voilà c'est à ça qu'il fallait répondre en fait
871180	875840	pas non non mais c'est quand même fou il ya quand même des gens des fonctionnaires qui sont payés
875840	884300	pour écrire des réponses dont le but est de ne pas répondre aux questions c'est beau c'est beau
884300	890340	magnifique alors deux trois petites choses concernant une des dernières vidéos la vidéo
890340	896240	sur anne tuffigo alors déjà un truc auquel je m'attendais pas je crois que je n'ai jamais
896240	901600	reçu autant de d'insultes et de messages extrêmement négatif donc il ya beaucoup de
901600	903680	croyants en la médiumnité qui sont tombés
903680	905840	sur cette vidéo, et je crois
905840	907900	que j'ai presque reçu
907900	910080	plus d'insultes qu'avec
910080	911740	les QAnon, j'en reçois pas
911740	913920	beaucoup franchement, en proportion des messages
913920	915700	insultants et tout, j'en reçois pas beaucoup
915700	917740	sous mes vidéos, jusqu'à présent c'était
917740	919080	quand même les QAnon qui
919080	921740	détenaient le record, mais là franchement j'ai pas fait
921740	923760	les comptes, mais je pense que c'est
923760	926080	possible que les croyants en la médiumnité
926080	927980	aient dépassé les QAnon
927980	929300	donc voilà, après moi franchement
929300	931520	les insultes ça me fait plutôt rire
931520	933200	Je prends ça plutôt à la rigolade.
933360	936740	Les commentaires qui me filent un peu plus des boutons, qui m'irritent, j'ai une sorte d'allergie,
937260	942660	c'est les commentaires, et j'en ai eu pas mal, les commentaires à base de « chacun sa vérité ».
942660	948320	Ça par contre, j'ai des plaques rouges sur tout le corps, en fait,
948440	954680	quand je lis des commentaires ou des phrases du genre « je sais toujours pas ce que ça veut dire, chacun sa vérité ».
954680	959520	Non, non, on partage tous le même réel, jusqu'à preuve du contraire.
959520	965840	Même quelqu'un qui croit à la lévitation, bon bah si je m'attache à ce croyant et que je me jette du haut de la tour Eiffel,
965920	970160	bon bah on va tomber tous les deux en même temps, peu importe si lui il croit à la lévitation et moi non,
970400	973140	le réel aura le même effet sur nos deux corps.
973360	977240	Bon, mais quoi d'autre ? Ah oui, un petit truc intéressant concernant Anne Tuffigo,
977400	980220	une histoire dont j'avais pas connaissance en fait avant de sortir ma vidéo,
980500	985740	c'est une petite histoire qui s'est passée, qui la concerne, et qui s'est passée en 2017 ou en 2018,
985740	992100	Quand elle était toujours la star, la médium star de la web télé Bob vous dit toute la vérité
992100	996320	Et bien en fait à cette époque là, il y a un statisticien du nom de Yves Lignon
996320	1000840	Qui est un ancien universitaire spécialiste en maths et en statistique
1000840	1004640	Mais qui était aussi, je dis il était parce qu'il est décédé en 2023
1004640	1011440	Donc c'était un statisticien mais c'était aussi quelqu'un qui était convaincu que certains phénomènes paranormaux étaient réels
1011440	1015400	En gros, et donc il était aussi très très proche de cette web télé
1015400	1016940	Bob vous dit toute la vérité
1016940	1021220	Et donc en 2017, il avait réalisé quelques expériences
1021220	1023820	Avec des gens de l'entourage de cette web-télé
1023820	1026800	Qui prétendaient avoir des pouvoirs surnaturels, on va dire
1026800	1027920	Des pouvoirs paranormaux
1027920	1031460	Et donc sur les 4 expériences qu'il avait réalisées avec 4 personnes différentes
1031460	1035340	Donc il avait, je crois, d'après ses dires, obtenu une ou deux réussites
1035340	1039080	Un phénomène moyen, inexpliqué
1039080	1041100	Et il avait obtenu un échec
1041100	1044260	Donc une expérience qui avait échoué à prouver le moindre pouvoir paranormal
1044260	1048100	Et cette expérience, c'est celle qui concernait justement Anne Tuffigo.
1048300	1055420	Et quand on remonte l'historique de la page Facebook de ce Yves Lignon qui avait réalisé ces expériences,
1055600	1056820	on en apprend un petit peu plus.
1057440	1060340	On en apprend un petit peu plus et on apprend qu'apparemment à l'époque,
1060420	1063800	Madame Tuffigo avait été très en colère du résultat de cette expérience
1063800	1071900	parce que ce Yves Lignon avait donc communiqué les résultats de ces expériences en direct sur la web télé Bob vous dit toute la vérité.
1071900	1080100	Et donc il avait annoncé en direct que l'expérience qui concernait Anne Tuffigo concluait qu'elle n'avait pas de pouvoir médiumnique.
1080920	1083400	Donc Anne Tuffigo était apparemment très en colère.
1083840	1093320	Et Yves Lignon a témoigné de la pression qu'il a reçue en privé de la part de Bob, le patron de cette web télé.
1093560	1101260	Et il copie-colle même les mails que lui avait envoyés le patron de la web télé, qui lui aussi voulait défendre sa star médium.
1101260	1106620	Et donc voilà ce que le patron de la web télé avait envoyé au statisticien.
1106840	1110680	Et donc le statisticien raconte, tout au long de la journée du lendemain,
1110880	1113920	donc le lendemain après avoir annoncé le résultat des expériences,
1114420	1116400	donc tout au long de la journée du lendemain,
1116640	1123080	Bob m'a demandé avec insistance d'enregistrer une déclaration contredisant le jeudi ce que j'avais dit le mercredi,
1123220	1126700	faute de quoi serait mise en ligne à communiquer me désavouant.
1126940	1128360	Deux des mails reçus.
1128360	1133220	Donc là, je vais lire les mails que le patron de la web télé avait envoyés aux statisticiens.
1134000	1138040	Je ne te cache pas ma déception quant à l'annonce des résultats d'Anne Tuffigo.
1138760	1143640	Je te propose de réenregistrer la fin de l'émission en étant plus juste avec Anne,
1143820	1145500	ou alors j'enregistre un communiqué.
1146280	1150380	Ce n'est en rien une menace, mais en tant que directeur de publication, c'est mon devoir.
1150920	1155200	Deuxième mail, si on enregistre d'autres résultats, il faut qu'ils soient bons.
1155420	1157120	Elle ne s'attendait pas à ce que tu as dit.
1157120	1162220	Dans tous les cas, j'enregistre le communiqué que je t'ai envoyé en fonction de ce que tu veux dire.
1162560	1166380	Je poste le replay avec tes nouveaux résultats ou avec le communiqué.
1166580	1171200	Et donc là, le statisticien précise qu'il a évidemment refusé de mentir.
1171400	1175980	Donc voilà, c'est quand même une histoire assez parlante, je trouve,
1176780	1182760	et qui va relativement dans le sens de ma petite vidéo sortie en fin d'année.
1182760	1206480	D'ailleurs, je vous avais dit dans ma vidéo qu'on ne pouvait quasiment plus retrouver les vidéos, les anciennes vidéos d'Anne Figo lorsqu'elle participait donc à cette web télé, parce que tout a été supprimé ou mis en privé, mais j'ai un abonné qui était à l'époque encore abonné à cette web télé et qui avait enregistré du contenu de cette web télé chez lui, sur son ordinateur, et il m'en a envoyé.
1206480	1219960	Il m'en a envoyé quelques-unes, alors c'est surtout des audios, mais il m'a notamment envoyé une vidéo d'une séance de médiumnité en public, réalisée par Anne Dufigo dans le cadre de cette web télé.
1220260	1234380	Donc voilà, j'ai une vidéo qui n'est plus trouvable sur internet d'1h20 de séance publique d'Anne Dufigo, qui se trouve devant 150 personnes avec des photos devant elle et qui fait donc une séance de médiumnité.
1234380	1242240	Franchement, je pense que cette vidéo d'1h20 peut suffire à faire une autre vidéo, un épisode 2 sur Antifigo,
1242360	1248060	en montrant encore une fois toutes les petites techniques de manipulation mises en oeuvre dans ce genre de séance de médiumnité.
1248220	1249280	C'est franchement intéressant.
1249660	1252180	Alors je peux peut-être juste vous en montrer un petit bout.
1252360	1253340	Allez, je vous montre un petit truc.
1253800	1258380	Est-ce que quelqu'un connaît une... ou y a-t-il une Élise ou Elisa dans cette salle ?
1259360	1261380	Ou est-ce que quelqu'un en connaît une ?
1261900	1263620	Par rapport à qu'une photo ?
1263620	1271320	Oui. Non. Par rapport à une jeune femme qui a aussi perdu quelqu'un. Pardonnez-moi de préciser.
1271620	1273200	Est-ce que ça vous... Pardon ?
1273200	1274420	Elisabeth ?
1274420	1278820	Oui, mais est-ce qu'on la surnommait ou est-ce qu'on coupait son prénom ? Est-ce que vous savez ça ?
1278820	1283760	Parce que quel âge est la Elisabeth ? Vous savez ça à peu près ?
1283760	1287660	Elisabeth, c'est une personne décédée ou c'est la personne qui est dans la salle ?
1287660	1289980	Non, je parle d'une femme vivante qui a perdu...
1289980	1294220	Bon alors là ça va très vite et je pense que c'est pas évident pour vous de comprendre tout ce qui se passe.
1294360	1295540	Il faut le regarder plusieurs fois et tout.
1295800	1297280	Mais en fait c'est extraordinaire.
1297440	1304480	Donc là elle se trouve dans une salle devant 150 personnes pour faire une démonstration de ses pouvoirs de médium.
1304840	1308020	Et donc elle a aussi des photos devant elle, des photos que les gens ont apportées.
1308020	1312540	Ce qui est marrant c'est qu'elle dit est-ce qu'il y a une Élise ou une Élisa dans cette salle ?
1312540	1314280	Ou est-ce que quelqu'un en connaît une ?
1314280	1317060	Un homme dans la salle dit par rapport à une photo ?
1317060	1317900	Elle répond oui.
1318640	1319800	Et l'homme dit ah non.
1320400	1321800	Et là, elle répond du coup à non.
1322720	1324760	Elle dit, ah oui, non, excusez-moi, je voulais dire,
1324960	1328460	par rapport à une jeune femme qui a aussi perdu quelqu'un.
1328860	1331060	Évidemment, c'est parce qu'elle voit l'homme qui dit,
1331260	1333820	ah bah non, si c'est un rapport avec une photo, alors c'est pas moi.
1334260	1335880	Du coup, elle se reprend pour dire, non, non,
1336500	1339220	c'est par rapport à quelqu'un qui a perdu quelqu'un.
1339220	1341800	Et donc là, il y a quelqu'un qui dit, ah bah, Elisabeth peut-être.
1342040	1343480	Élise, Elisa, Elisabeth.
1343900	1347360	Donc là, je vais pas vous mettre la suite, mais il y a un quiproquo énorme qui continue.
1347680	1349840	Mais bon, en gros, elle est devant 150 personnes.
1349980	1353840	Bon, statistiquement, les chances qu'il y ait une Elise ou une Elisa ou une Elisabeth dans la salle,
1353960	1355280	les chances sont assez élevées.
1355380	1357320	C'est quand même des prénoms relativement communs.
1357380	1359220	150 personnes, c'est quand même beaucoup de monde.
1359500	1363080	La probabilité que quelqu'un dans la salle, parmi ces 150 personnes,
1363640	1368220	connaisse une personne morte qui s'appelait par ses prénoms,
1368340	1370900	cette probabilité est aussi relativement élevée.
1371360	1373980	Mais alors en plus, là, ce qui est extraordinaire, c'est que...
1374980	1375780	Elle dit...
1375780	1383180	Ah non, ça peut être quelqu'un qui connaît quelqu'un qui s'appelle Elisabeth ou Elisa ou Elise et qui a perdu un proche.
1383360	1385920	En fait, les probabilités sont de 100%, en fait.
1386180	1390520	Donc il y a 150 personnes dans la salle qui peuvent déjà s'appeler Elise ou Elisa ou Elisabeth.
1390520	1398560	Ces 150 personnes dans la salle peuvent avoir une grand-mère, une arrière-grand-mère, une tante, une cousine qui s'appelait Elise ou Elisa ou Elisabeth, qui est morte.
1398560	1408020	Et ces 150 personnes dans la salle peuvent aussi connaître dans leur entourage, dans leur famille, une personne qui s'appelle Elise ou Elisa ou Elisabeth qui aurait perdu quelqu'un.
1408140	1410380	C'est vrai que perdre quelqu'un, ça n'arrive jamais dans la vie en plus.
1410560	1418980	Donc voilà, c'est assez extraordinairement nul comme démonstration de médiumnité.
1419400	1426660	Mais c'est le début de cette conférence du Nord 20 que j'ai récupérée grâce à un abonné.
1426660	1428260	Et d'ailleurs, merci, merci à toi.
1428540	1432120	Donc voilà, je sais pas si j'en ferai quelque chose un jour.
1432340	1434400	Ça pourrait peut-être faire un épisode 2 intéressant.
1435020	1437740	Mais voilà, en tout cas, j'ai récupéré cette chose.
1438000	1439360	Je l'ai quasiment regardée en entier.
1439560	1441580	C'est relativement affligeant, comme d'habitude.
1442440	1444540	Et voilà, on verra si j'en fais quelque chose ou pas.
1444540	1451260	Bon, alors, concernant ma toute dernière vidéo sur les pompiers et le bullshit quantique.
1451520	1454320	Ça va être relativement court, mais j'ai quand même quelques petites choses à vous dire.
1454320	1459380	Alors la première petite anecdote c'est qu'au départ j'avais fait cette miniature pour la sortie de la vidéo
1459380	1463740	Donc j'avais détouré juste ces trois pompiers qui sont en fait des pompiers de Paris
1463740	1468060	Et du coup j'avais anticipé un peu le problème, je m'étais dit que je voulais pas associer les pompiers de Paris à ça
1468060	1473060	Et donc j'avais juste, voilà normalement ici il y a un gros Paris, sapeur-pompier Paris
1473060	1480380	Et donc j'avais photoshopé rapidement les uniformes pour pas associer les pompiers de Paris à ça
1481160	1487380	Et en fait, ça n'a pas suffi parce que j'ai reçu un message sur X du compte officiel des pompiers de Paris
1487380	1492300	qui m'ont en fait tout de suite dit qu'ils avaient vu ma vidéo
1492300	1499640	et qui me signalait donc que les sapeurs-pompiers de Paris ne s'associaient pas en gros aux propos tenus dans cette conférence
1499640	1503060	et donc qu'ils ne voulaient pas apparaître en fait sur la vignette, ce qui est complètement compréhensible.
1503460	1507320	Et effectivement, les pompiers de Paris, en fait, ils ont une tenue de feu qui est particulière
1507320	1511140	et donc qui est reconnaissable, même si je gomme le mot Paris sur leur tenue.
1511260	1517500	Voilà, j'ai rapidement modifié, donc là je sais plus si c'est des pompiers des Etats-Unis ou d'un autre pays,
1517600	1520760	mais enfin en tout cas c'est pas du tout des pompiers français.
1521060	1522460	Donc voilà pour la petite anecdote.
1522940	1528460	Alors autre chose, autre chose, en fait moi c'est donc un abonné qui m'a envoyé cette conférence à la base,
1528680	1534240	et j'ai pu voir la conférence, je crois le jour même, le jour ou le lendemain où elle était publiée sur YouTube,
1534240	1538600	Et donc quand moi j'ai pu voir cette magnifique conférence
1538600	1540860	Il y avait je crois 70 vues
1540860	1543220	70 vues, zéro commentaire, 70 vues
1543220	1544520	C'était vraiment le tout tout début quoi
1544520	1546820	Et en fait voilà je pouvais pas travailler tout de suite dessus
1546820	1548220	Et donc je voyais que les vues
1548220	1550260	Les vues ne bougeaient pas quoi
1550260	1551840	Ça restait relativement confidentiel
1551840	1552760	Et peut-être
1552760	1555060	10 jours après
1555060	1557600	10 jours après je me rends compte qu'en fait la vidéo
1557600	1559960	Elle est passée tout d'un coup à 2000 vues
1559960	1561500	Alors que ça bougeait quasiment jamais
1561500	1563260	Elle est passée à 2000 vues
1563260	1566460	et la possibilité de laisser des commentaires avait été enlevée, voilà.
1566800	1569980	Ça laisse quand même penser que, avant même que je sorte ma vidéo,
1570600	1572180	la vidéo a circulé je ne sais où,
1572400	1575980	et il y a dû y avoir quelques critiques qui se sont faites en commentaire,
1576060	1576960	je vois pas d'autres explications,
1577080	1579020	donc je pense que certaines personnes étaient déjà au courant
1579020	1581520	qu'il y avait quand même un petit problème avec cette conférence.
1581740	1584780	Bon, comme vous le savez, une heure et demie après la sortie de ma vidéo,
1585640	1589600	la chaîne YouTube des Sapeurs-Pompiers des Yvelines a décidé de supprimer,
1589600	1593420	enfin de mettre en privé tout de suite la conférence,
1593640	1596900	ce qui laisserait penser que peut-être ils auraient capté le problème.
1597560	1600940	Mais ce qui est assez triste, c'est que je sais de source interne
1600940	1607600	que la direction des pompiers des Yvelines est très très très mécontente de la vidéo
1607600	1611100	et en colère contre ceux qui la partagent.
1611300	1613480	Alors je ne peux pas donner plus de détails ni de preuves
1613480	1616920	parce que les personnes dans le milieu des pompiers qui m'en ont parlé
1616920	1620460	ne souhaitent surtout pas que ça leur retombe dessus.
1620740	1623460	Mais je sais que malheureusement, la direction de pompiers des Yvelines,
1623600	1628240	au lieu de se remettre en question et de réfléchir à la problématique soulevée,
1628460	1630460	qui est quand même pas une problématique mineure, je crois,
1631980	1634220	et bien en fait, apparemment, le problème, c'est plutôt ma vidéo
1634220	1637060	et les gens qui la relaient dans le milieu des pompiers.
1637620	1642060	Voilà, et ça, c'est relativement triste et c'est pas très rassurant.
1642060	1644040	Bon alors, on a fait le tour des dernières vidéos,
1644180	1646280	mais je voulais vous parler d'un petit truc encore.
1646280	1651200	Bon alors j'ai pas l'habitude d'en parler en amont, mais là je voudrais vous parler d'un potentiel futur sujet.
1651440	1659780	Je vois régulièrement passer des témoignages d'étudiants en psychologie qui se plaignent du bullshit enseigné dans leur faculté.
1660080	1668540	Principalement du bullshit psychanalytique, voilà, des cours qui reprennent certaines théories de Freud et de Lacan comme des vérités scientifiques à appliquer en 2024,
1668540	1673480	mais aussi apparemment certains bullshit quasiment new age ésotérique
1673480	1677700	dans certaines facs de psychologie, dans certains cours véhiculés par certains professeurs.
1677880	1681180	Je crois que c'est un sujet, mais voilà, je ne sais pas à quel point c'est un sujet.
1681420	1684220	Je ne sais pas si je vais en parler, mais ce que je voulais vous dire,
1684340	1687360	c'est que si vous êtes un étudiant en psychologie
1687360	1689860	ou si vous connaissez des étudiants en psychologie
1689860	1695800	qui sont confrontés à ce problème, à la diffusion de bullshit psychanalytique
1695800	1700700	ou d'autres boulchiques, dans des cours à la fac en psychologie,
1701120	1703780	s'il vous plaît, vos témoignages m'intéressent.
1703800	1706760	Vos témoignages m'intéressent, dans un premier temps par mail,
1706860	1708440	pour prendre contact, et puis voilà,
1708740	1714880	si vous avez des screens à m'envoyer, des notes de cours, etc.,
1714880	1716200	et bien n'hésitez pas, ça m'intéresse.
1716360	1719800	Je ne sais pas si j'en ferai un sujet, si j'en ferai une enquête, une vidéo, etc.,
1720520	1724780	mais sur ce sujet, je pense que ça peut être pas mal de faire un petit appel à témoignages
1724780	1726840	pour voir à quel point le problème est grand ou pas.
1727000	1729360	Mais voilà, on parle de plus en plus de santé mentale,
1729520	1732120	et la santé mentale est évidemment extrêmement importante,
1732180	1733480	au même titre que la santé physique.
1733480	1736160	Ce serait quand même dramatique si une partie de l'enseignement
1736160	1740960	adressé aux futurs professionnels censés s'occuper de notre santé mentale,
1741120	1745340	si une partie de cet enseignement était du contenu relativement bullshit.
1746020	1748380	Donc voilà, pour l'instant, je ne sais pas.
1748600	1751300	Mais je suis intéressé par vos témoignages.
1751700	1754060	Si vous êtes étudiant en fac de psycho,
1754780	1758840	ou si vous connaissez des gens en fac de psycho qui vous parlent de ce problème,
1759380	1762320	contactez-moi, mon mail est en description.
1762620	1765460	Puis voilà, je verrai si ça mérite que j'en fasse quelque chose.
1765860	1767900	Alors juste deux, trois petits mots pour terminer.
1768060	1772560	Je sais que pour beaucoup d'entre vous, vous êtes impatients de voir mon documentaire sur les religions.
1772780	1775540	Comme je vous avais dit dès le début, il faudra être patient.
1775940	1779680	L'objectif que j'avais annoncé, c'était au mieux la fin d'année 2025.
1780020	1782800	Je ne sais pas du tout si je pourrais tenir cet objectif.
1782800	1784660	à mon avis ce sera un peu serré mais on verra
1784660	1786900	je vous ai pas spécialement donné de nouvelles pour l'instant
1786900	1788500	mais comme je vous avais annoncé
1788500	1790980	je préfère que vous découvriez un maximum de choses
1790980	1792120	le jour de la diffusion
1792120	1794820	donc voilà, je suis comme d'habitude
1794820	1796640	en retard sur le documentaire
1796640	1798260	comme je suis en retard sur tous mes projets
1798260	1800180	mais ça suit son cours
1800180	1802380	je suis encore une fois extrêmement reconnaissant
1802380	1804160	d'avoir les moyens de faire quelque chose
1804160	1806660	de bien, de qualitatif, d'avoir le temps
1806660	1809220	pour produire vraiment un beau documentaire
1809220	1810760	donc encore une fois
1810760	1813520	Merci pour la confiance que vous m'avez accordée sur ce projet.
1813920	1816920	Ça suit son cours, lentement, mais ça suit son cours.
1817120	1822800	Et puis voilà, un tout dernier petit mot pour dire que je suis désolé si je ne réponds pas à vos mails.
1823160	1826140	Je lis l'intégralité des messages qui me sont envoyés,
1826240	1829460	mais j'en reçois beaucoup, beaucoup, beaucoup, beaucoup trop pour répondre à tout le monde.
1829760	1832120	C'est d'ailleurs ce que j'aime le moins dans mon travail,
1832820	1836000	dans mon métier de vidéaste public sur YouTube.
1836000	1839320	C'est vraiment ce que j'aime le moins, c'est ce sentiment désagréable
1839320	1840780	De ne pas pouvoir vous répondre
1840780	1843740	Je réponds à 5, 10, 15%
1843740	1844440	Des messages
1844440	1846560	Mais pas plus parce que c'est impossible
1846560	1848960	Et c'est vraiment un sentiment extrêmement désagréable
1848960	1850300	J'ai l'impression d'être un gros connard
1850300	1852020	De ne pas répondre
1852020	1855280	Alors que la majorité des messages sont extrêmement intéressants
1855280	1856440	C'est juste que je n'ai pas le temps
1856440	1858760	Je n'ai pas le temps d'y répondre sinon je ferais que ça
1858760	1860260	Et il n'y aurait pas de vidéo qui sort
1860260	1862920	Je serais juste une chaîne épistolaire
1862920	1863900	De réponses de messages
1863900	1866120	Mais voilà je lis tous vos messages
1866120	1869020	Il y en a plein qui sont passionnants, intéressants, touchants
1869020	1871280	et malheureusement je peux pas répondre
1871280	1872920	je réponds parfois quand j'ai un moment
1872920	1875200	mais vraiment c'est l'exception
1875200	1876920	donc continuez
1876920	1879040	je vous lis tout, c'est intéressant
1879040	1881320	parfois c'est essentiel, parfois c'est un de vos mails
1881320	1883240	ou un de vos messages qui va en fait être
1883240	1885400	à l'initiative d'une enquête ou d'une vidéo
1885400	1886980	mais voilà je peux
1886980	1889560	sinon pas répondre dans la majorité
1889560	1891000	des cas et j'en suis désolé
1891000	1893720	bah voilà c'est tout, prenez soin de vous
1893720	1895780	gros bisous, c'était Jemilgram
1895780	1896600	à très vite
1899020	1916400	Sous-titrage ST' 501
